,current_ratio,quick_ratio,cash_ratio
current_ratio,1.0,0.9848958985921132,0.9924835854717631
quick_ratio,0.9848958985921132,1.0,0.982380724850554
cash_ratio,0.9924835854717631,0.982380724850554,1.0
