,current_ratio,quick_ratio,cash_ratio
current_ratio,0.029159251981079996,0.023482103586768478,0.007531901655535711
quick_ratio,0.023482103586768478,0.019494718225936087,0.0060958101452098816
cash_ratio,0.007531901655535711,0.0060958101452098816,0.001975087030212543
