{
  "breusch_pagan": {
    "lm_stat": 1.9519480519486077,
    "p_value": 0.3768251372816081,
    "f_stat": 0.8308457711445807,
    "f_p_value": 0.4802636983524699,
    "heteroskedastic": false
  },
  "white": {
    "lm_stat": 5.961538461540631,
    "p_value": 0.20203907572895521,
    "f_stat": 1.96202531645781,
    "f_p_value": 0.26497537170307833,
    "heteroskedastic": false
  },
  "ljung_box_squared": {
    "lb_stat": 1.8841107871728024,
    "p_value": 0.5968046905293238,
    "lags": 3,
    "arch_effects": false
  },
  "durbin_watson": {
    "statistic": 3.3333333333336066,
    "interpretation": "negative autocorrelation"
  },
  "jarque_bera": {
    "statistic": 3.093749999996679,
    "p_value": 0.21291228619275782,
    "normal": true
  }
}