{
  "breusch_pagan": {
    "lm_stat": 0.8046889161226181,
    "p_value": 0.6687503495628129,
    "f_stat": 0.29456682286497265,
    "f_p_value": 0.7550379870927866,
    "heteroskedastic": false
  },
  "white": {
    "lm_stat": 4.032315461830708,
    "p_value": 0.40165009329287626,
    "f_stat": 0.8117092441857654,
    "f_p_value": 0.5776667753175067,
    "heteroskedastic": false
  },
  "ljung_box_squared": {
    "lb_stat": 1.7621119467501878,
    "p_value": 0.6232142984112352,
    "lags": 3,
    "arch_effects": false
  },
  "durbin_watson": {
    "statistic": 0.6871699998285373,
    "interpretation": "positive autocorrelation"
  },
  "jarque_bera": {
    "statistic": 2.1418099331008342,
    "p_value": 0.34269824659746695,
    "normal": true
  }
}