,current_ratio,quick_ratio,cash_ratio
current_ratio,1.0,0.8424891988889164,0.7832446121735536
quick_ratio,0.8424891988889164,1.0,0.7753135373885391
cash_ratio,0.7832446121735536,0.7753135373885391,1.0
