,current_ratio,quick_ratio,cash_ratio
current_ratio,0.0009232923209626845,0.0012062774054358721,0.0003955042964680133
quick_ratio,0.0012062774054358721,0.0022203757701003022,0.0006071203421883807
cash_ratio,0.0003955042964680133,0.0006071203421883807,0.00027616482105968413
