,current_ratio,quick_ratio,cash_ratio
current_ratio,1.0,0.6943615986149445,0.843429760152663
quick_ratio,0.6943615986149445,1.0,0.5567023902833499
cash_ratio,0.843429760152663,0.5567023902833499,1.0
