,current_ratio,quick_ratio,cash_ratio
current_ratio,1.0,0.9685992834751792,0.9705848332521687
quick_ratio,0.9685992834751792,1.0,0.9676106489620915
cash_ratio,0.9705848332521687,0.9676106489620915,1.0
