,current_ratio,quick_ratio,cash_ratio
current_ratio,0.02078975253183134,0.014935135318180567,0.007780556597230938
quick_ratio,0.014935135318180567,0.011436173013197526,0.0057529884688976435
cash_ratio,0.007780556597230938,0.0057529884688976435,0.003091042749583865
