,current_ratio,quick_ratio,cash_ratio
current_ratio,1.0,0.8718098123344189,0.8598963456460814
quick_ratio,0.8718098123344189,1.0,0.8120041114951312
cash_ratio,0.8598963456460814,0.8120041114951312,1.0
