,current_ratio,quick_ratio,cash_ratio
current_ratio,0.0010964796172071337,0.0013280869603452463,0.0004574312857701574
quick_ratio,0.0013280869603452463,0.0021164546003721797,0.0006001256462052129
cash_ratio,0.0004574312857701574,0.0006001256462052129,0.0002580827393596053
