,current_ratio,quick_ratio,cash_ratio
current_ratio,1.0,0.8991491273819437,0.801202381496103
quick_ratio,0.8991491273819437,1.0,0.5205211010458615
cash_ratio,0.801202381496103,0.5205211010458615,1.0
