,current_ratio,quick_ratio,cash_ratio
current_ratio,1.0,0.9561009840624471,0.9223583385920024
quick_ratio,0.9561009840624471,1.0,0.8275126308671541
cash_ratio,0.9223583385920024,0.8275126308671541,1.0
