,current_ratio,quick_ratio,cash_ratio
current_ratio,0.007419928796932926,0.005718117634717034,0.0018951514585733124
quick_ratio,0.005718117634717034,0.004820575653127308,0.0013704666127709274
cash_ratio,0.0018951514585733124,0.0013704666127709274,0.0005689691951533309
