,current_ratio,quick_ratio,cash_ratio
current_ratio,1.0,0.918594245953371,0.9529218002211238
quick_ratio,0.918594245953371,1.0,0.8816590320468238
cash_ratio,0.9529218002211238,0.8816590320468238,1.0
