,current_ratio,quick_ratio,cash_ratio
current_ratio,0.028273633935420612,0.01934955332019025,0.010082417973379125
quick_ratio,0.01934955332019025,0.015693247192833968,0.006949822108256758
cash_ratio,0.010082417973379125,0.006949822108256758,0.003959435193961527
