,current_ratio,quick_ratio,cash_ratio
current_ratio,1.0,0.8359690260123296,0.620671091032054
quick_ratio,0.8359690260123296,1.0,0.7989670081234246
cash_ratio,0.620671091032054,0.7989670081234246,1.0
