,current_ratio,quick_ratio,cash_ratio
current_ratio,1.0,0.9034951195542993,0.6195633418747178
quick_ratio,0.9034951195542993,1.0,0.5825071283841214
cash_ratio,0.6195633418747178,0.5825071283841214,1.0
