,current_ratio,quick_ratio,cash_ratio
current_ratio,1.0,0.9725011163528228,0.9775581965097034
quick_ratio,0.9725011163528228,1.0,0.9329327710660682
cash_ratio,0.9775581965097034,0.9329327710660682,1.0
