,current_ratio,quick_ratio,cash_ratio
current_ratio,1.0,0.6462479946172458,0.6964148769595108
quick_ratio,0.6462479946172458,1.0,0.5226757706783426
cash_ratio,0.6964148769595108,0.5226757706783426,1.0
