,current_ratio,quick_ratio,cash_ratio
current_ratio,0.00018768247946650095,2.7298913670155022e-05,6.324111301155687e-05
quick_ratio,2.7298913670155022e-05,9.507549191548912e-06,1.0682828524136854e-05
cash_ratio,6.324111301155687e-05,1.0682828524136854e-05,4.393788998023973e-05
