{
  "breusch_pagan": {
    "lm_stat": 3.5392161797258925,
    "p_value": 0.17039975713313849,
    "f_stat": 1.9443451505547278,
    "f_p_value": 0.2233764703338573,
    "heteroskedastic": false
  },
  "white": {
    "lm_stat": 4.577179630815895,
    "p_value": 0.3334938114890718,
    "f_stat": 1.0349006400321574,
    "f_p_value": 0.48713798947458786,
    "heteroskedastic": false
  },
  "ljung_box_squared": {
    "lb_stat": 1.2918443755029954,
    "p_value": 0.7310706153919933,
    "lags": 3,
    "arch_effects": false
  },
  "durbin_watson": {
    "statistic": 1.3963517729145338,
    "interpretation": "positive autocorrelation"
  },
  "jarque_bera": {
    "statistic": 0.16243898480136973,
    "p_value": 0.9219912991499744,
    "normal": true
  }
}