,current_ratio,quick_ratio,cash_ratio
current_ratio,1.0,0.40800326352760413,0.6623931128894968
quick_ratio,0.40800326352760413,1.0,-0.22584103899658317
cash_ratio,0.6623931128894968,-0.22584103899658317,1.0
