,current_ratio,quick_ratio,cash_ratio
current_ratio,0.0006043656175839807,0.00016624151291289084,0.00020908063471378842
quick_ratio,0.00016624151291289084,0.000274695751160055,-4.8059246901810644e-05
cash_ratio,0.00020908063471378842,-4.8059246901810644e-05,0.0001648527718238357
