,current_ratio,quick_ratio,cash_ratio
current_ratio,0.012472480395670872,0.010475576969276066,0.0025788068119054048
quick_ratio,0.010475576969276066,0.010528466969595224,0.0017784939731234283
cash_ratio,0.0025788068119054048,0.0017784939731234283,0.0010402457711315251
