{
  "breusch_pagan": {
    "lm_stat": 8.276739553262269,
    "p_value": 0.015948830479145557,
    "f_stat": 34.33095058880045,
    "f_p_value": 0.0005189871650681337,
    "heteroskedastic": true
  },
  "white": {
    "lm_stat": 8.6196944759675,
    "p_value": 0.07134099357096771,
    "f_stat": 22.6651834676765,
    "f_p_value": 0.0052058476742865714,
    "heteroskedastic": false
  },
  "ljung_box_squared": {
    "lb_stat": 6.064286701814032,
    "p_value": 0.10852408429836995,
    "lags": 3,
    "arch_effects": false
  },
  "durbin_watson": {
    "statistic": 1.5743681100724722,
    "interpretation": "no autocorrelation"
  },
  "jarque_bera": {
    "statistic": 0.26871606520190594,
    "p_value": 0.8742769888967356,
    "normal": true
  }
}