,current_ratio,quick_ratio,cash_ratio
current_ratio,1.0,0.947187520652655,0.9367978236889869
quick_ratio,0.947187520652655,1.0,0.8037439766126074
cash_ratio,0.9367978236889869,0.8037439766126074,1.0
