,current_ratio,quick_ratio,cash_ratio
current_ratio,0.001378178141524294,0.0013894680408675787,0.0005477148870689231
quick_ratio,0.0013894680408675787,0.0015614203365184192,0.0005001884285396193
cash_ratio,0.0005477148870689231,0.0005001884285396193,0.00024803443963087826
