{
  "breusch_pagan": {
    "lm_stat": 1.3145015626293874,
    "p_value": 0.5182742268629474,
    "f_stat": 0.5131098158465471,
    "f_p_value": 0.6227139394065322,
    "heteroskedastic": false
  },
  "white": {
    "lm_stat": 3.9031279757444435,
    "p_value": 0.4192747723909067,
    "f_stat": 0.7657888911414311,
    "f_p_value": 0.5988952979597142,
    "heteroskedastic": false
  },
  "ljung_box_squared": {
    "lb_stat": 0.49480227245771385,
    "p_value": 0.9200318368809749,
    "lags": 3,
    "arch_effects": false
  },
  "durbin_watson": {
    "statistic": 1.824398426773939,
    "interpretation": "no autocorrelation"
  },
  "jarque_bera": {
    "statistic": 4.651756723081314,
    "p_value": 0.09769759254463291,
    "normal": true
  }
}