{
  "breusch_pagan": {
    "lm_stat": 1.6168629142041917,
    "p_value": 0.44555639271764647,
    "f_stat": 0.6569820777057594,
    "f_p_value": 0.5520714244228643,
    "heteroskedastic": false
  },
  "white": {
    "lm_stat": 3.3137820585657067,
    "p_value": 0.5067515798532947,
    "f_stat": 0.5827743664939153,
    "f_p_value": 0.6931237235952655,
    "heteroskedastic": false
  },
  "ljung_box_squared": {
    "lb_stat": 2.3733361711622463,
    "p_value": 0.49861738487640483,
    "lags": 3,
    "arch_effects": false
  },
  "durbin_watson": {
    "statistic": 2.1370589862221547,
    "interpretation": "no autocorrelation"
  },
  "jarque_bera": {
    "statistic": 1.8738585965988273,
    "p_value": 0.39182918045909687,
    "normal": true
  }
}