{
  "breusch_pagan": {
    "lm_stat": 3.7103747279279258,
    "p_value": 0.15642363177743024,
    "f_stat": 2.104331329962708,
    "f_p_value": 0.20302391214952722,
    "heteroskedastic": false
  },
  "white": {
    "lm_stat": 5.676475708789498,
    "p_value": 0.22464711512229713,
    "f_stat": 1.7079687739312417,
    "f_p_value": 0.30838807941576,
    "heteroskedastic": false
  },
  "ljung_box_squared": {
    "lb_stat": 2.7288629319120683,
    "p_value": 0.4353446046294568,
    "lags": 3,
    "arch_effects": false
  },
  "durbin_watson": {
    "statistic": 1.50405204147582,
    "interpretation": "no autocorrelation"
  },
  "jarque_bera": {
    "statistic": 0.018304134060069005,
    "p_value": 0.9908896856638566,
    "normal": true
  }
}