,test_statistic,p_value,n_lags_used,n_obs,critical_values,icbest,stationary
free_cash_flow,-4.418896005897709,0.00027479162474247805,5,223,"{'1%': -3.460018927623594, '5%': -2.8745897386146817, '10%': -2.57372514086348}",4539.719371858434,True
current_ratio,-3.048751846005604,0.03058565978835459,1,227,"{'1%': -3.4594900381360034, '5%': -2.8743581895178485, '10%': -2.573601605503697}",-80.9190365395624,True
quick_ratio,-3.7092042285748446,0.00398553542936687,1,227,"{'1%': -3.4594900381360034, '5%': -2.8743581895178485, '10%': -2.573601605503697}",-176.31481174626697,True
cash_ratio,0.17808937583853962,0.9710055692379504,13,215,"{'1%': -3.461136478222043, '5%': -2.875078880098608, '10%': -2.5739861168199027}",-484.1800387138426,False
