,current_ratio,quick_ratio,cash_ratio
current_ratio,1.0,0.9103092378311444,0.8960612353047612
quick_ratio,0.9103092378311444,1.0,0.7598419248942593
cash_ratio,0.8960612353047612,0.7598419248942593,1.0
