,current_ratio,quick_ratio,cash_ratio
current_ratio,0.004614186467363208,0.0034696292876046715,0.0011562951827415904
quick_ratio,0.0034696292876046715,0.003148423237228979,0.0008099407746636947
cash_ratio,0.0011562951827415904,0.0008099407746636947,0.0003608834054209415
