,current_ratio,quick_ratio,cash_ratio
current_ratio,1.0,0.7372751274844761,0.14839142456630303
quick_ratio,0.7372751274844761,1.0,-0.4530607688097046
cash_ratio,0.14839142456630303,-0.4530607688097046,1.0
