,current_ratio,quick_ratio,cash_ratio
current_ratio,0.00042947344043601604,0.00034372314465468763,1.8461721456928766e-05
quick_ratio,0.00034372314465468763,0.000506083380694867,-6.118750293056794e-05
cash_ratio,1.8461721456928766e-05,-6.118750293056794e-05,3.6040471909538004e-05
