,current_ratio,quick_ratio,cash_ratio
current_ratio,1.0,0.8302252486408954,0.1140479043727034
quick_ratio,0.8302252486408954,1.0,-0.06412935951436945
cash_ratio,0.1140479043727034,-0.06412935951436945,1.0
