{
  "breusch_pagan": {
    "lm_stat": 0.8431563741002867,
    "p_value": 0.6560106948472442,
    "f_stat": 0.3101039125317124,
    "f_p_value": 0.7444557375384249,
    "heteroskedastic": false
  },
  "white": {
    "lm_stat": 2.7628846805459997,
    "p_value": 0.5982563064076248,
    "f_stat": 0.4429747630171864,
    "f_p_value": 0.7751382420293143,
    "heteroskedastic": false
  },
  "ljung_box_squared": {
    "lb_stat": 1.1660598211238196,
    "p_value": 0.7611555398515736,
    "lags": 3,
    "arch_effects": false
  },
  "durbin_watson": {
    "statistic": 1.995117685482561,
    "interpretation": "no autocorrelation"
  },
  "jarque_bera": {
    "statistic": 4.977072110085003,
    "p_value": 0.08303143108965563,
    "normal": true
  }
}