{
  "breusch_pagan": {
    "lm_stat": 2.460210285044399,
    "p_value": 0.29226184691760504,
    "f_stat": 1.1285731157769046,
    "f_p_value": 0.3836752842032484,
    "heteroskedastic": false
  },
  "white": {
    "lm_stat": 5.860440323958657,
    "p_value": 0.20981591733517976,
    "f_stat": 1.8666440293143465,
    "f_p_value": 0.28016776510351254,
    "heteroskedastic": false
  },
  "ljung_box_squared": {
    "lb_stat": 4.293516547487223,
    "p_value": 0.23146429204374663,
    "lags": 3,
    "arch_effects": false
  },
  "durbin_watson": {
    "statistic": 2.497289191616199,
    "interpretation": "no autocorrelation"
  },
  "jarque_bera": {
    "statistic": 0.40528646678633745,
    "p_value": 0.8165695141991436,
    "normal": true
  }
}