,current_ratio,quick_ratio,cash_ratio
current_ratio,1.0,0.6744362163547506,0.7939348717969249
quick_ratio,0.6744362163547506,1.0,0.3377159317075855
cash_ratio,0.7939348717969249,0.3377159317075855,1.0
