,current_ratio,quick_ratio,cash_ratio
current_ratio,0.002263463911836649,0.001698697368732762,0.0009679262041125399
quick_ratio,0.001698697368732762,0.00280270047387192,0.00045815293676616017
cash_ratio,0.0009679262041125399,0.00045815293676616017,0.0006566609108094577
